feedback_id,review_sentiment,review_theme_primary,review_need_type,review_severity,review_purchase_impact,review_confidence,conflict_fields,review_status,human_review_required
F0001,2,connectivity,real_need,S3,unknown,0.82,,agreed,False
F0002,2,compatibility,real_need,S3,influence,0.92,theme_primary;purchase_impact,conflict,True
F0003,2,connectivity,real_need,S3,unknown,0.78,theme_primary,conflict,True
F0004,2,firmware,real_need,S3,unknown,0.9,severity,conflict,True
F0005,2,connectivity,real_need,S3,unknown,0.78,severity,conflict,True
F0006,2,connectivity,real_need,S3,influence,0.88,purchase_impact,conflict,False
F0007,2,connectivity,real_need,S4,influence,0.88,severity;purchase_impact,conflict,True
F0008,2,hardware,real_need,S2,unknown,0.82,,agreed,False
F0009,2,connectivity,real_need,S3,influence,0.88,,agreed,False
F0010,2,firmware,real_need,S3,blocker,0.85,,agreed,False
F0011,1,data_accuracy,real_need,S3,influence,0.92,purchase_impact,conflict,False
F0012,2,hardware,real_need,S3,influence,0.85,severity,conflict,True
F0013,2,connectivity,real_need,S3,unknown,0.82,,agreed,False
F0014,2,navigation,real_need,S2,influence,0.85,need_type;severity;purchase_impact,conflict,True
F0015,2,compatibility,feature_request,S4,influence,0.88,theme_primary;severity;purchase_impact,conflict,True
F0016,3,display_ux,real_need,S4,influence,0.88,purchase_impact,conflict,False
F0017,1,navigation,real_need,S2,influence,0.92,severity;purchase_impact,conflict,True
F0018,1,navigation,real_need,S2,unknown,0.92,sentiment,conflict,False
F0019,1,firmware,real_need,S2,blocker,0.95,sentiment;purchase_impact,conflict,False
F0020,1,firmware,real_need,S2,unknown,0.85,,agreed,False
F0021,1,firmware,real_need,S1,blocker,0.95,sentiment;severity;purchase_impact,conflict,True
F0022,2,firmware,real_need,S3,unknown,0.92,,agreed,False
F0023,1,firmware,real_need,S2,unknown,0.9,sentiment,conflict,False
F0024,2,hardware,real_need,S3,unknown,0.82,,agreed,False
F0025,2,hardware,real_need,S3,influence,0.78,sentiment;purchase_impact,conflict,False
F0026,2,data_accuracy,real_need,S3,influence,0.92,purchase_impact,conflict,False
F0027,1,hardware,real_need,S2,blocker,0.92,sentiment,conflict,False
F0028,2,hardware,real_need,S3,influence,0.85,,agreed,False
F0029,2,hardware,real_need,S2,influence,0.88,severity;purchase_impact,conflict,True
F0032,2,compatibility,real_need,S3,influence,0.82,theme_primary;severity;purchase_impact,conflict,True
F0033,2,firmware,real_need,S2,blocker,0.9,theme_primary;severity;purchase_impact,conflict,True
F0034,2,display_ux,real_need,S4,influence,0.85,purchase_impact,conflict,False
F0035,2,connectivity,real_need,S3,unknown,0.78,theme_primary,conflict,True
F0036,2,data_accuracy,real_need,S3,unknown,0.85,,agreed,False
F0037,2,firmware,real_need,S3,influence,0.78,purchase_impact,conflict,False
F0038,2,hardware,real_need,S3,blocker,0.92,severity,conflict,True
F0040,2,connectivity,real_need,S3,influence,0.78,purchase_impact,conflict,False
F0041,2,data_accuracy,real_need,S2,unknown,0.72,sentiment;theme_primary,conflict,True
F0042,3,other,unknown,S5,unknown,0.1,,agreed,True
F0043,2,feature_request,feature_request,S5,unknown,0.9,purchase_impact,conflict,False
F0044,3,other,unknown,S5,unknown,0.0,,failed,True
F0045,4,feature_request,feature_request,S5,no_impact,0.95,purchase_impact,conflict,False
F0046,2,after_sales,real_need,S4,unknown,0.72,need_type,conflict,True
F0047,2,data_accuracy,real_need,S2,unknown,0.78,sentiment,conflict,False
F0048,2,feature_request,feature_request,S5,unknown,0.55,theme_primary;need_type;severity,conflict,True
F0049,1,compatibility,real_need,S2,unknown,0.92,theme_primary;severity,conflict,True
F0050,2,connectivity,real_need,S2,unknown,0.9,theme_primary,conflict,True
F0051,5,other,unknown,S5,no_impact,0.35,need_type;purchase_impact,conflict,True
F0052,2,connectivity,real_need,S3,unknown,0.82,,agreed,False
F0053,2,compatibility,feature_request,S5,influence,0.82,severity,conflict,True
F0054,2,compatibility,real_need,S4,influence,0.82,theme_primary;severity;purchase_impact,conflict,True
F0055,2,feature_request,real_need,S3,influence,0.82,theme_primary;purchase_impact,conflict,True
F0056,3,other,unknown,S5,unknown,0.0,,failed,True
F0057,3,compatibility,feature_request,S5,no_impact,0.92,theme_primary;purchase_impact,conflict,True
F0058,1,after_sales,real_need,S2,blocker,0.82,severity;purchase_impact,conflict,True
F0059,2,feature_request,feature_request,S4,influence,0.88,purchase_impact,conflict,False
F0060,1,connectivity,real_need,S2,unknown,0.85,severity,conflict,True
F0061,2,compatibility,real_need,S3,unknown,0.45,sentiment;theme_primary;need_type;severity,conflict,True
F0062,2,after_sales,real_need,S3,influence,0.88,theme_primary;purchase_impact,conflict,True
F0063,2,connectivity,real_need,S3,influence,0.72,need_type;purchase_impact,conflict,True
F0064,3,feature_request,feature_request,S5,unknown,0.45,,agreed,True
F0065,1,after_sales,feature_request,S4,influence,0.55,sentiment;need_type;purchase_impact,conflict,True
F0066,2,after_sales,real_need,S4,unknown,0.82,sentiment;theme_primary;need_type,conflict,True
F0067,2,connectivity,real_need,S3,influence,0.72,severity;purchase_impact,conflict,True
F0068,1,compatibility,real_need,S3,blocker,0.92,theme_primary;purchase_impact,conflict,True
F0069,1,compatibility,real_need,S3,blocker,0.88,theme_primary;severity,conflict,True
F0070,1,other,emotional_complaint,S5,unknown,0.75,,agreed,False
F0071,2,firmware,real_need,S3,unknown,0.75,theme_primary,conflict,True
F0072,2,connectivity,real_need,S3,unknown,0.7,need_type;severity,conflict,True
F0073,2,firmware,feature_request,S4,unknown,0.62,need_type;purchase_impact,conflict,True
F0074,1,other,emotional_complaint,S5,unknown,0.92,,agreed,False
F0075,1,data_accuracy,real_need,S2,blocker,0.85,theme_primary;severity;purchase_impact,conflict,True
F0076,3,data_accuracy,feature_request,S5,no_impact,0.72,theme_primary;purchase_impact,conflict,True
F0077,2,feature_request,feature_request,S5,unknown,0.82,,agreed,False
F0078,3,other,unknown,S5,unknown,0.1,sentiment,conflict,True
F0079,2,feature_request,feature_request,S5,unknown,0.92,theme_primary,conflict,True
F0080,3,data_accuracy,unknown,S4,unknown,0.45,sentiment;need_type;severity,conflict,True
F0081,2,compatibility,real_need,S4,influence,0.82,theme_primary;need_type;severity,conflict,True
F0082,3,connectivity,real_need,S3,unknown,0.78,sentiment,conflict,False
F0083,4,feature_request,feature_request,S5,unknown,0.75,,agreed,False
F0084,2,compatibility,feature_request,S5,influence,0.92,,agreed,False
F0085,4,other,unknown,S5,no_impact,0.3,purchase_impact,conflict,True
F0086,2,compatibility,real_need,S4,influence,0.82,need_type;severity;purchase_impact,conflict,True
F0087,5,other,unknown,S5,no_impact,0.3,sentiment;purchase_impact,conflict,True
F0088,3,feature_request,feature_request,S5,unknown,0.72,,agreed,False
F0089,2,connectivity,incidental_failure,S4,unknown,0.62,need_type,conflict,True
F0090,2,firmware,real_need,S3,unknown,0.85,theme_primary,conflict,True
F0091,1,connectivity,real_need,S3,unknown,0.82,severity;purchase_impact,conflict,True
F0092,2,firmware,real_need,S4,unknown,0.82,severity,conflict,True
F0093,1,connectivity,real_need,S3,unknown,0.9,severity;purchase_impact,conflict,True
F0094,4,other,unknown,S5,unknown,0.4,need_type;purchase_impact,conflict,True
F0095,3,feature_request,feature_request,S5,no_impact,0.9,purchase_impact,conflict,False
F0096,2,connectivity,real_need,S3,influence,0.92,purchase_impact,conflict,False
F0097,1,connectivity,real_need,S2,influence,0.92,theme_primary;severity;purchase_impact,conflict,True
F0098,3,feature_request,feature_request,S5,unknown,0.85,sentiment;severity;purchase_impact,conflict,True
F0099,2,connectivity,real_need,S2,influence,0.7,severity;purchase_impact,conflict,True
F0100,5,other,unknown,S5,no_impact,0.9,,agreed,False
F0101,5,feature_request,feature_request,S5,no_impact,0.85,sentiment;theme_primary,conflict,True
F0102,5,compatibility,unknown,S5,no_impact,0.6,sentiment;theme_primary;need_type,conflict,True
F0103,2,after_sales,real_need,S4,no_impact,0.88,theme_primary;purchase_impact,conflict,True
F0104,2,connectivity,real_need,S3,unknown,0.78,,agreed,False
F0105,4,hardware,unknown,S4,no_impact,0.62,sentiment;theme_primary;severity;purchase_impact,conflict,True
F0106,2,connectivity,real_need,S3,unknown,0.82,,agreed,False
F0107,3,display_ux,feature_request,S5,unknown,0.82,sentiment,conflict,False
F0108,2,connectivity,real_need,S3,unknown,0.85,,agreed,False
F0109,4,other,unknown,S5,no_impact,0.6,,agreed,True
F0110,2,firmware,real_need,S4,unknown,0.72,,agreed,False
F0111,1,price_value,emotional_complaint,S4,blocker,0.78,need_type;severity,conflict,True
F0112,1,display_ux,emotional_complaint,S4,unknown,0.78,,agreed,False
F0113,5,other,unknown,S5,no_impact,0.95,,agreed,False
F0114,2,connectivity,real_need,S3,unknown,0.72,,agreed,False
F0115,5,other,unknown,S5,no_impact,0.85,theme_primary,conflict,True
F0116,1,price_value,emotional_complaint,S5,influence,0.62,purchase_impact,conflict,True
F0117,3,firmware,incidental_failure,S3,influence,0.82,sentiment;need_type,conflict,True
F0118,1,display_ux,emotional_complaint,S4,influence,0.72,,agreed,False
F0119,2,connectivity,real_need,S3,influence,0.9,purchase_impact,conflict,False
F0120,5,feature_request,feature_request,S5,no_impact,0.95,theme_primary;need_type,conflict,True
F0121,4,data_accuracy,unknown,S5,no_impact,0.85,sentiment;theme_primary,conflict,True
F0122,3,other,unknown,S5,unknown,0.0,,failed,True
F0123,2,feature_request,feature_request,S4,influence,0.88,,agreed,False
F0124,1,connectivity,real_need,S3,influence,0.82,,agreed,False
F0125,2,other,real_need,S4,influence,0.85,theme_primary;need_type;purchase_impact,conflict,True
F0126,2,connectivity,real_need,S2,unknown,0.82,,agreed,False
F0127,5,other,emotional_complaint,S5,no_impact,0.95,sentiment,conflict,False
F0128,2,after_sales,real_need,S3,influence,0.82,sentiment;theme_primary,conflict,True
F0129,3,compatibility,feature_request,S5,influence,0.92,sentiment;theme_primary;purchase_impact,conflict,True
F0130,3,other,unknown,S5,unknown,0.0,,failed,True
F0131,2,price_value,feature_request,S4,influence,0.85,severity,conflict,True
F0132,2,connectivity,real_need,S3,unknown,0.7,,agreed,False
F0133,5,other,unknown,S5,no_impact,0.9,need_type,conflict,True
F0134,4,other,unknown,S5,no_impact,0.3,need_type,conflict,True
F0135,2,data_accuracy,real_need,S3,unknown,0.82,,agreed,False
F0136,2,feature_request,feature_request,S4,influence,0.85,severity,conflict,True
F0137,2,feature_request,feature_request,S3,influence,0.92,theme_primary;severity,conflict,True
F0138,2,connectivity,real_need,S4,unknown,0.82,severity,conflict,True
F0139,2,firmware,incidental_failure,S3,unknown,0.75,theme_primary;need_type,conflict,True
F0140,2,connectivity,real_need,S3,blocker,0.9,purchase_impact,conflict,False
F0141,5,other,unknown,S5,no_impact,0.55,theme_primary,conflict,True
F0142,5,other,emotional_complaint,S5,no_impact,0.85,theme_primary;need_type,conflict,True
F0143,1,other,emotional_complaint,S5,unknown,0.6,,agreed,True
F0144,2,display_ux,real_need,S3,influence,0.88,theme_primary;severity,conflict,True
F0145,3,feature_request,feature_request,S5,unknown,0.82,purchase_impact,conflict,False
F0146,5,feature_request,unknown,S5,no_impact,0.85,sentiment;theme_primary,conflict,True
F0147,2,price_value,unknown,S5,unknown,0.55,need_type;purchase_impact,conflict,True
F0148,5,navigation,unknown,S5,no_impact,0.6,,agreed,True
F0149,4,feature_request,feature_request,S5,unknown,0.95,,agreed,False
F0150,5,other,unknown,S5,no_impact,0.9,sentiment;need_type,conflict,True
F0151,5,feature_request,operation_misunderstanding,S5,no_impact,0.72,need_type;purchase_impact,conflict,True
F0152,5,other,emotional_complaint,S5,unknown,0.92,need_type;purchase_impact,conflict,True
F0153,3,other,unknown,S5,unknown,0.0,,failed,True
F0154,5,feature_request,feature_request,S5,no_impact,0.75,need_type,conflict,True
F0155,5,navigation,unknown,S5,no_impact,0.82,sentiment;theme_primary;need_type;purchase_impact,conflict,True
F0156,5,other,feature_request,S5,influence,0.85,need_type;purchase_impact,conflict,True
F0157,3,navigation,real_need,S4,unknown,0.78,,agreed,False
F0158,5,other,unknown,S5,no_impact,0.95,need_type,conflict,True
F0159,2,navigation,feature_request,S4,blocker,0.82,sentiment;theme_primary;severity,conflict,True
F0160,5,navigation,unknown,S5,no_impact,0.85,need_type,conflict,True
F0161,3,navigation,feature_request,S5,unknown,0.85,theme_primary,conflict,True
F0162,5,feature_request,emotional_complaint,S5,no_impact,0.82,,agreed,False
F0163,2,navigation,real_need,S2,unknown,0.7,,agreed,False
F0164,2,after_sales,real_need,S3,influence,0.78,severity;purchase_impact,conflict,True
F0165,1,connectivity,real_need,S3,influence,0.82,theme_primary,conflict,True
F0166,1,navigation,real_need,S1,unknown,0.88,sentiment;severity;purchase_impact,conflict,True
F0167,2,display_ux,operation_misunderstanding,S3,unknown,0.78,sentiment;severity,conflict,True
F0168,5,feature_request,feature_request,S5,no_impact,0.7,,agreed,False
F0169,1,after_sales,real_need,S3,blocker,0.92,purchase_impact,conflict,False
F0170,2,connectivity,real_need,S2,blocker,0.88,sentiment;theme_primary,conflict,True
F0171,1,navigation,real_need,S2,influence,0.88,theme_primary;severity,conflict,True
F0172,5,feature_request,unknown,S5,no_impact,0.6,purchase_impact,conflict,True
F0173,5,other,unknown,S5,unknown,0.7,need_type;purchase_impact,conflict,True
F0174,2,after_sales,real_need,S3,blocker,0.78,sentiment;purchase_impact,conflict,False
F0175,3,after_sales,feature_request,S5,unknown,0.82,sentiment;severity;purchase_impact,conflict,True
F0176,2,price_value,unknown,S5,influence,0.55,sentiment;need_type,conflict,True
F0177,2,other,feature_request,S4,unknown,0.82,sentiment;theme_primary;severity;purchase_impact,conflict,True
F0178,1,display_ux,emotional_complaint,S4,unknown,0.55,,agreed,True
F0179,2,data_accuracy,real_need,S3,influence,0.9,sentiment;theme_primary;severity,conflict,True
F0180,2,connectivity,real_need,S3,influence,0.82,purchase_impact,conflict,False
F0181,5,other,unknown,S5,no_impact,0.95,need_type,conflict,True
F0182,5,navigation,feature_request,S5,no_impact,0.95,need_type,conflict,True
F0183,1,connectivity,real_need,S2,blocker,0.9,purchase_impact,conflict,False
F0184,2,navigation,real_need,S4,influence,0.85,purchase_impact,conflict,False
F0185,2,connectivity,real_need,S3,influence,0.85,severity;purchase_impact,conflict,True
F0186,3,other,unknown,S5,unknown,0.0,,failed,True
F0187,5,navigation,unknown,S5,no_impact,0.92,,agreed,False
F0188,3,navigation,feature_request,S5,unknown,0.6,sentiment;need_type;severity;purchase_impact,conflict,True
F0189,4,navigation,feature_request,S5,no_impact,0.7,purchase_impact,conflict,False
F0190,5,other,unknown,S5,no_impact,0.6,need_type,conflict,True
F0191,2,connectivity,real_need,S2,influence,0.92,severity;purchase_impact,conflict,True
F0192,5,other,unknown,S5,no_impact,0.9,theme_primary,conflict,True
F0193,1,other,unknown,S2,unknown,0.2,need_type;severity,conflict,True
F0194,1,data_accuracy,real_need,S3,influence,0.85,theme_primary,conflict,True
F0195,1,connectivity,real_need,S2,blocker,0.95,purchase_impact,conflict,False
F0196,2,connectivity,real_need,S2,unknown,0.75,,agreed,False
F0197,4,other,unknown,S5,no_impact,0.6,need_type;purchase_impact,conflict,True
F0198,1,after_sales,emotional_complaint,S4,influence,0.55,theme_primary;purchase_impact,conflict,True
F0199,2,connectivity,real_need,S3,influence,0.72,purchase_impact,conflict,False
F0200,2,connectivity,real_need,S3,influence,0.92,,agreed,False
F0201,2,connectivity,real_need,S3,influence,0.92,purchase_impact,conflict,False
F0202,2,feature_request,real_need,S4,unknown,0.62,theme_primary,conflict,True
F0203,5,other,emotional_complaint,S5,no_impact,0.95,need_type,conflict,True
F0204,2,firmware,real_need,S1,blocker,0.92,theme_primary;severity;purchase_impact,conflict,True
F0205,2,navigation,real_need,S4,influence,0.7,purchase_impact,conflict,False
F0206,5,other,unknown,S5,unknown,0.95,need_type,conflict,True
F0207,1,price_value,real_need,S3,blocker,0.7,sentiment;theme_primary;purchase_impact,conflict,True
F0208,4,navigation,feature_request,S5,no_impact,0.85,,agreed,False
F0209,1,other,emotional_complaint,S5,unknown,0.35,sentiment,conflict,True
F0210,2,firmware,real_need,S2,unknown,0.88,severity,conflict,True
F0211,2,compatibility,real_need,S3,influence,0.82,theme_primary;need_type;purchase_impact,conflict,True
F0212,5,other,feature_request,S5,no_impact,0.85,need_type,conflict,True
F0213,5,other,unknown,S5,no_impact,0.85,need_type,conflict,True
F0214,2,compatibility,real_need,S3,unknown,0.82,need_type;severity,conflict,True
F0215,2,connectivity,real_need,S3,influence,0.78,purchase_impact,conflict,False
F0216,2,connectivity,real_need,S3,unknown,0.78,,agreed,False
F0217,2,compatibility,real_need,S4,influence,0.92,need_type,conflict,True
F0218,5,feature_request,emotional_complaint,S5,no_impact,0.82,need_type,conflict,True
F0219,1,firmware,real_need,S3,influence,0.6,theme_primary;purchase_impact,conflict,True
F0220,1,connectivity,real_need,S3,influence,0.92,sentiment,conflict,False
F0221,1,connectivity,real_need,S3,influence,0.85,need_type;severity;purchase_impact,conflict,True
F0222,5,price_value,feature_request,S5,no_impact,0.92,theme_primary;need_type,conflict,True
F0223,2,connectivity,real_need,S2,unknown,0.8,severity,conflict,True
F0224,3,other,unknown,S5,unknown,0.0,,failed,True
F0225,2,connectivity,real_need,S3,influence,0.85,sentiment;severity;purchase_impact,conflict,True
F0226,2,display_ux,feature_request,S4,unknown,0.78,need_type;severity,conflict,True
F0227,2,display_ux,feature_request,S5,influence,0.9,purchase_impact,conflict,False
F0228,2,connectivity,real_need,S3,influence,0.82,purchase_impact,conflict,False
F0229,1,connectivity,real_need,S3,influence,0.92,sentiment,conflict,False
F0230,1,connectivity,real_need,S3,influence,0.92,sentiment,conflict,False
F0231,5,feature_request,feature_request,S5,no_impact,0.88,,agreed,False
F0232,4,feature_request,feature_request,S5,no_impact,0.95,purchase_impact,conflict,False
F0233,2,connectivity,real_need,S3,influence,0.9,,agreed,False
F0234,5,navigation,feature_request,S5,no_impact,0.85,need_type,conflict,True
F0235,2,navigation,real_need,S4,influence,0.82,,agreed,False
F0236,1,price_value,operation_misunderstanding,S4,influence,0.7,sentiment;theme_primary,conflict,True
F0237,5,feature_request,feature_request,S5,no_impact,0.7,need_type,conflict,True
F0238,2,navigation,real_need,S3,influence,0.82,theme_primary;severity;purchase_impact,conflict,True
F0239,5,feature_request,unknown,S5,no_impact,0.4,sentiment;need_type,conflict,True
F0240,2,feature_request,feature_request,S5,unknown,0.85,severity,conflict,True
