source_id,source_platform,source_type,source_url,source_permalink_level,accessed_at,http_observation,evidence_status,related_feedback_ids,record_count,verification_note,dataset_version
FS001,App Store,app_store,https://apps.apple.com/cz/app/onelapfit/id1555629744,page_only,2026-08-06,200/可访问,partially_verified,F0001;F0002;F0003;F0004,4,页面可访问但缺少稳定的单条评论锚点/截图；按页面级证据保守纳入,DATASET-v1.0-feng-20260806
FS002,Chinertown,forum,"https://chinertown.com/index.php/topic,5655.0",page_only,2026-08-06,200/可访问,partially_verified,F0009;F0010;F0011;F0012;F0013;F0014;F0015;F0016,8,页面可访问但缺少稳定的单条评论锚点/截图；按页面级证据保守纳入,DATASET-v1.0-feng-20260806
FS003,Chinertown iGPSPORT,forum,"https://chinertown.com/index.php/topic,6454.0",page_only,2026-08-06,200/可访问,partially_verified,F0033;F0034;F0035;F0036,4,页面可访问但缺少稳定的单条评论锚点/截图；按页面级证据保守纳入,DATASET-v1.0-feng-20260806
FS004,Slowtwitch Forum,forum,https://forum.slowtwitch.com/t/wahoo-kickr-reading-pretty-low-newer-22-23-version/1294805,page_only,2026-08-06,403/登录门控,unverified,F0030,1,当前访问返回403/登录页，无法核对原文,DATASET-v1.0-feng-20260806
FS005,Garmin Forum Edge 1040,forum,https://forums.garmin.com/sports-fitness/cycling/f/edge-1040-series/,page_only,2026-08-06,200/可访问,partially_verified,F0037,1,仅为论坛板块页，无法定位单条发言,DATASET-v1.0-feng-20260806
FS006,Garmin Forum,forum,https://forums.garmin.com/sports-fitness/cycling/f/edge-1040-series/402382/edge-1040-25-25-keeps-trying-to-update-gps-firmware-now-no-gps-signal,page_only,2026-08-06,200/可访问,verified,F0021,1,具体主题/报道URL当前可访问；未提供本地截图，保留页面级定位边界,DATASET-v1.0-feng-20260806
FS007,Garmin Forum,forum,https://forums.garmin.com/sports-fitness/cycling/f/edge-1040-series/403236/it-s-getting-mind-blowing,page_only,2026-08-06,200/可访问,verified,F0022,1,具体主题/报道URL当前可访问；未提供本地截图，保留页面级定位边界,DATASET-v1.0-feng-20260806
FS008,Garmin Forum,forum,https://forums.garmin.com/sports-fitness/cycling/f/edge-1050/388678/navigating-a-course-in-the-1050-is-unusable,page_only,2026-08-06,200/可访问,verified,F0017,1,具体主题/报道URL当前可访问；未提供本地截图，保留页面级定位边界,DATASET-v1.0-feng-20260806
FS009,Garmin Forum,forum,https://forums.garmin.com/sports-fitness/cycling/f/edge-1050/389402/edge-1050-out-of-memory-and-other-bugs,page_only,2026-08-06,200/可访问,verified,F0018,1,具体主题/报道URL当前可访问；未提供本地截图，保留页面级定位边界,DATASET-v1.0-feng-20260806
FS010,Garmin Forum,forum,https://forums.garmin.com/sports-fitness/cycling/f/edge-1050/402395/garmin-you-owe-us-an-explanation,page_only,2026-08-06,200/可访问,verified,F0020,1,具体主题/报道URL当前可访问；未提供本地截图，保留页面级定位边界,DATASET-v1.0-feng-20260806
FS011,Garmin Forum,forum,https://forums.garmin.com/sports-fitness/cycling/f/edge-1050/411282/firmware-13-13-6-crashes-during-a-35km-ride,page_only,2026-08-06,200/可访问,verified,F0019,1,具体主题/报道URL当前可访问；未提供本地截图，保留页面级定位边界,DATASET-v1.0-feng-20260806
FS012,Garmin Forum Edge 1050,forum,https://forums.garmin.com/sports-fitness/cycling/f/edge-1050/416643/return-1050-and-get-1040,page_only,2026-08-06,200/可访问,verified,F0038,1,具体主题/报道URL当前可访问；未提供本地截图，保留页面级定位边界,DATASET-v1.0-feng-20260806
FS013,Zwift Forum,forum,https://forums.zwift.com/t/kickr-core-2-issues/657421,page_only,2026-08-06,200/可访问,verified,F0024,1,具体主题/报道URL当前可访问；未提供本地截图，保留页面级定位边界,DATASET-v1.0-feng-20260806
FS014,Zwift Forum,forum,https://forums.zwift.com/t/trainer-vs-power-meter-pedals-significant-power-difference/653942,page_only,2026-08-06,200/可访问,verified,F0026,1,具体主题/报道URL当前可访问；未提供本地截图，保留页面级定位边界,DATASET-v1.0-feng-20260806
FS015,Zwift Forum,forum,https://forums.zwift.com/t/wahoo-kicker-connected-via-bluetooth-but-no-power-and-no-movement-of-rider/601059,page_only,2026-08-06,200/可访问,verified,F0027,1,具体主题/报道URL当前可访问；未提供本地截图，保留页面级定位边界,DATASET-v1.0-feng-20260806
FS016,Zwift Forum,forum,https://forums.zwift.com/t/wahoo-trainers-with-virtual-shifting-issue-free-watts-october-2024/635715,page_only,2026-08-06,200/可访问,verified,F0025,1,具体主题/报道URL当前可访问；未提供本地截图，保留页面级定位边界,DATASET-v1.0-feng-20260806
FS017,Google Play,app_store,https://play.google.com/store/apps/details?id=com.onelap.fitness,page_only,2026-08-06,200/可访问,partially_verified,F0005;F0006;F0007;F0008,4,页面可访问但缺少稳定的单条评论锚点/截图；按页面级证据保守纳入,DATASET-v1.0-feng-20260806
FS018,road.cc,news,https://road.cc/content/news/garmin-devices-temporarily-unusable-due-gps-issues-312373,page_only,2026-08-06,200/可访问,verified,F0023,1,具体主题/报道URL当前可访问；未提供本地截图，保留页面级定位边界,DATASET-v1.0-feng-20260806
FS019,Wahoo Forum,forum,https://wahoox.forum.wahoofitness.com/t/weird-noise-coming-from-wahoo-kickr-core/30487,page_only,2026-08-06,200/可访问,verified,F0029,1,具体主题/报道URL当前可访问；未提供本地截图，保留页面级定位边界,DATASET-v1.0-feng-20260806
FS020,Reddit r/Strava,social,https://www.reddit.com/r/Strava/,page_only,2026-08-06,不可定位,unverified,F0031,1,仅为版块首页，无法定位具体发言,DATASET-v1.0-feng-20260806
FS021,The Verge,news,https://www.theverge.com/2024/11/22/24303124/strava-fitness-data-wearables,page_only,2026-08-06,200/可访问,verified,F0032,1,具体主题/报道URL当前可访问；未提供本地截图，保留页面级定位边界,DATASET-v1.0-feng-20260806
FS022,TrainerRoad,forum,https://www.trainerroad.com/forum/t/is-there-a-way-i-can-connect-my-magene-bike-computer/113753,page_only,2026-08-06,200/可访问,verified,F0040,1,具体主题/报道URL当前可访问；未提供本地截图，保留页面级定位边界,DATASET-v1.0-feng-20260806
FS023,TrainerRoad Forum,forum,https://www.trainerroad.com/forum/t/wahoo-kickr-core-vibration/39228,page_only,2026-08-06,200/可访问,verified,F0028,1,具体主题/报道URL当前可访问；未提供本地截图，保留页面级定位边界,DATASET-v1.0-feng-20260806
FS024,Amazon,other,iGPSPORT BSC200 reviews on amazon.co.uk,unverified,2026-08-06,不可定位,rejected,F0039,1,不是可访问的HTTPS URL,DATASET-v1.0-feng-20260806
